--
-- PostgreSQL database dump
--

-- Dumped from database version 15.0
-- Dumped by pg_dump version 15.0

SET statement_timeout = 0;
SET lock_timeout = 0;
SET idle_in_transaction_session_timeout = 0;
SET client_encoding = 'UTF8';
SET standard_conforming_strings = on;
SELECT pg_catalog.set_config('search_path', '', false);
SET check_function_bodies = false;
SET xmloption = content;
SET client_min_messages = warning;
SET row_security = off;

SET default_tablespace = '';

SET default_table_access_method = heap;

--
-- Name: actors; Type: TABLE; Schema: public; Owner: postgres
--

CREATE TABLE public.actors (
    id integer NOT NULL,
    name text NOT NULL,
    surname text,
    age integer,
    birthday date
);


ALTER TABLE public.actors OWNER TO postgres;

--
-- Name: actors_id_seq; Type: SEQUENCE; Schema: public; Owner: postgres
--

CREATE SEQUENCE public.actors_id_seq
    AS integer
    START WITH 1
    INCREMENT BY 1
    NO MINVALUE
    NO MAXVALUE
    CACHE 1;


ALTER TABLE public.actors_id_seq OWNER TO postgres;

--
-- Name: actors_id_seq; Type: SEQUENCE OWNED BY; Schema: public; Owner: postgres
--

ALTER SEQUENCE public.actors_id_seq OWNED BY public.actors.id;


--
-- Name: directors; Type: TABLE; Schema: public; Owner: postgres
--

CREATE TABLE public.directors (
    id integer NOT NULL,
    name text NOT NULL,
    surname text,
    age integer,
    birthday date,
    residence_id integer
);


ALTER TABLE public.directors OWNER TO postgres;

--
-- Name: directors_id_seq; Type: SEQUENCE; Schema: public; Owner: postgres
--

CREATE SEQUENCE public.directors_id_seq
    AS integer
    START WITH 1
    INCREMENT BY 1
    NO MINVALUE
    NO MAXVALUE
    CACHE 1;


ALTER TABLE public.directors_id_seq OWNER TO postgres;

--
-- Name: directors_id_seq; Type: SEQUENCE OWNED BY; Schema: public; Owner: postgres
--

ALTER SEQUENCE public.directors_id_seq OWNED BY public.directors.id;


--
-- Name: movies; Type: TABLE; Schema: public; Owner: postgres
--

CREATE TABLE public.movies (
    id integer NOT NULL,
    title text NOT NULL,
    description text,
    year integer
);


ALTER TABLE public.movies OWNER TO postgres;

--
-- Name: movies_actors; Type: TABLE; Schema: public; Owner: postgres
--

CREATE TABLE public.movies_actors (
    movie_id integer DEFAULT 0 NOT NULL,
    actor_id integer DEFAULT 0 NOT NULL
);


ALTER TABLE public.movies_actors OWNER TO postgres;

--
-- Name: movies_directors; Type: TABLE; Schema: public; Owner: postgres
--

CREATE TABLE public.movies_directors (
    movie_id integer DEFAULT 0 NOT NULL,
    director_id integer DEFAULT 0 NOT NULL
);


ALTER TABLE public.movies_directors OWNER TO postgres;

--
-- Name: movies_id_seq; Type: SEQUENCE; Schema: public; Owner: postgres
--

CREATE SEQUENCE public.movies_id_seq
    AS integer
    START WITH 1
    INCREMENT BY 1
    NO MINVALUE
    NO MAXVALUE
    CACHE 1;


ALTER TABLE public.movies_id_seq OWNER TO postgres;

--
-- Name: movies_id_seq; Type: SEQUENCE OWNED BY; Schema: public; Owner: postgres
--

ALTER SEQUENCE public.movies_id_seq OWNED BY public.movies.id;


--
-- Name: residence; Type: TABLE; Schema: public; Owner: postgres
--

CREATE TABLE public.residence (
    id integer NOT NULL,
    country text,
    city text,
    postcode integer
);


ALTER TABLE public.residence OWNER TO postgres;

--
-- Name: residence_id_seq; Type: SEQUENCE; Schema: public; Owner: postgres
--

CREATE SEQUENCE public.residence_id_seq
    AS integer
    START WITH 1
    INCREMENT BY 1
    NO MINVALUE
    NO MAXVALUE
    CACHE 1;


ALTER TABLE public.residence_id_seq OWNER TO postgres;

--
-- Name: residence_id_seq; Type: SEQUENCE OWNED BY; Schema: public; Owner: postgres
--

ALTER SEQUENCE public.residence_id_seq OWNED BY public.residence.id;


--
-- Name: actors id; Type: DEFAULT; Schema: public; Owner: postgres
--

ALTER TABLE ONLY public.actors ALTER COLUMN id SET DEFAULT nextval('public.actors_id_seq'::regclass);


--
-- Name: directors id; Type: DEFAULT; Schema: public; Owner: postgres
--

ALTER TABLE ONLY public.directors ALTER COLUMN id SET DEFAULT nextval('public.directors_id_seq'::regclass);


--
-- Name: movies id; Type: DEFAULT; Schema: public; Owner: postgres
--

ALTER TABLE ONLY public.movies ALTER COLUMN id SET DEFAULT nextval('public.movies_id_seq'::regclass);


--
-- Name: residence id; Type: DEFAULT; Schema: public; Owner: postgres
--

ALTER TABLE ONLY public.residence ALTER COLUMN id SET DEFAULT nextval('public.residence_id_seq'::regclass);


--
-- Data for Name: actors; Type: TABLE DATA; Schema: public; Owner: postgres
--

COPY public.actors (id, name, surname, age, birthday) FROM stdin;
1	Name 1	Surname 1	55	1967-10-01
2	Name 2	Surname 2	15	2007-01-01
3	Name 3	Surname 3	25	1997-07-23
4	Name 4	Surname 4	35	1987-04-02
5	Name 5	Surname 5	30	1992-01-15
\.


--
-- Data for Name: directors; Type: TABLE DATA; Schema: public; Owner: postgres
--

COPY public.directors (id, name, surname, age, birthday, residence_id) FROM stdin;
1	Dir 1	Surname Dir 2	25	1997-01-01	3
2	Dir 2	Surname Dir 2	29	1994-12-01	4
3	Dir 3	Surname Dir 3	35	1986-12-15	5
4	Dir 4	Surname Dir 4	45	1976-11-29	1
5	Dir 5	Surname Dir 5	99	1922-12-12	2
\.


--
-- Data for Name: movies; Type: TABLE DATA; Schema: public; Owner: postgres
--

COPY public.movies (id, title, description, year) FROM stdin;
3	Movie 3	About movie 3	2023
4	Movie 4	About movie 4	2024
5	Movie 5	About movie 5	2025
2	Movie 2	Some movie about something	1500
1	Movie 1	Some movie about something	2022
\.


--
-- Data for Name: movies_actors; Type: TABLE DATA; Schema: public; Owner: postgres
--

COPY public.movies_actors (movie_id, actor_id) FROM stdin;
1	5
1	3
2	2
2	3
2	1
3	4
4	4
4	2
5	1
5	3
5	2
5	5
\.


--
-- Data for Name: movies_directors; Type: TABLE DATA; Schema: public; Owner: postgres
--

COPY public.movies_directors (movie_id, director_id) FROM stdin;
1	3
1	2
2	4
3	5
4	1
5	2
5	4
\.


--
-- Data for Name: residence; Type: TABLE DATA; Schema: public; Owner: postgres
--

COPY public.residence (id, country, city, postcode) FROM stdin;
1	Ukraine	Kyiv	3100
2	Australia	Canberra	1234
3	New Zealand	New Zealand	100100
4	Canada	Ontario	58965
5	Poland	Krakow	99999
\.


--
-- Name: actors_id_seq; Type: SEQUENCE SET; Schema: public; Owner: postgres
--

SELECT pg_catalog.setval('public.actors_id_seq', 5, true);


--
-- Name: directors_id_seq; Type: SEQUENCE SET; Schema: public; Owner: postgres
--

SELECT pg_catalog.setval('public.directors_id_seq', 5, true);


--
-- Name: movies_id_seq; Type: SEQUENCE SET; Schema: public; Owner: postgres
--

SELECT pg_catalog.setval('public.movies_id_seq', 6, true);


--
-- Name: residence_id_seq; Type: SEQUENCE SET; Schema: public; Owner: postgres
--

SELECT pg_catalog.setval('public.residence_id_seq', 5, true);


--
-- PostgreSQL database dump complete
--

